Product Name,Price,Original Prices,Discount rates,Ratings
Dell 14 3000 Core i3 7th Gen - (4 GB/1 TB HDD/Linux) inspiron 3481 Laptop,"26,990","29,575",8% off,4.1
HP Pavilion Core i5 9th Gen - (8 GB/1 TB HDD/Windows 10 Home/3 GB Graphics/NVIDIA Geforce GTX 1050) 15...,"52,990","66,041",19% off,4.2
HP 15s Ryzen 3 Dual Core - (4 GB/256 GB SSD/Windows 10 Home) 15s-eq0007AU Thin and Light Laptop,"30,990","32,598",4% off,4.5
HP 15 Pentium Gold - (4 GB/1 TB HDD/Windows 10 Home) 15-di0001TU Laptop,"24,990","25,556",2% off,4.4
Lenovo Ideapad S145 APU Dual Core A6 - (4 GB/1 TB HDD/Windows 10 Home) S145-15AST Thin and Light Lapto...,"20,990","22,392",6% off,4
Lenovo Ideapad 130 Core i3 7th Gen - (4 GB/1 TB HDD/Windows 10 Home) 130-15IKB Laptop,"28,990","33,040",12% off,4
Acer Nitro 5 Core i7 9th Gen - (8 GB/1 TB HDD/256 GB SSD/Windows 10 Home/4 GB Graphics/NVIDIA Geforce ...,"69,990","1,04,999",33% off,4.6
HP Pavilion x360 Core i3 8th Gen - (4 GB/256 GB SSD/Windows 10 Home) 14-dh0107TU 2 in 1 Laptop,"42,990","45,391",5% off,4.5
Asus ZenBook Core i5 8th Gen - (8 GB/256 GB SSD/Windows 10 Home) UX430UA-GV573T Thin and Light Laptop,"45,990","86,990",47% off,4.2
HP 15q Core i3 7th Gen - (4 GB/1 TB HDD/Windows 10 Home) 15q-ds0007TU Laptop,"30,990","39,168",20% off,4.1
Dell Vostro 15 3000 Core i3 7th Gen - (4 GB/1 TB HDD/Linux) 3581 Laptop,"26,490","32,120",17% off,4.3
Apple MacBook Air Core i5 8th Gen - (8 GB/128 GB SSD/Mac OS Mojave) MVFM2HN/A,"89,990","99,900",9% off,4.7
Lenovo Ideapad L340 Core i5 9th Gen - (8 GB/1 TB HDD/128 GB SSD/Windows 10 Home/4 GB Graphics/NVIDIA G...,"59,990","98,990",39% off,4.5
Lenovo Ideapad S145 Core i3 10th Gen - (4 GB/256 GB SSD/Windows 10 Home) S145-15IIL Thin and Light Lap...,"35,490","48,190",26% off,4.4
Lenovo Ideapad S145 Core i5 10th Gen - (8 GB/1 TB HDD/Windows 10 Home) S145-15IIL Laptop,"44,990","63,090",28% off,4.9
Apple MacBook Air Core i5 5th Gen - (8 GB/128 GB SSD/Mac OS Sierra) MQD32HN/A A1466,"65,990","84,900",22% off,4.7
Lenovo Ideapad S145 Ryzen 3 Dual Core - (4 GB/1 TB HDD/Windows 10 Home) S145-15API Thin and Light Lapt...,"27,990","31,232",10% off,4
Asus TUF Gaming Ryzen 5 Quad Core - (8 GB/1 TB HDD/Windows 10 Home/3 GB Graphics/NVIDIA Geforce GTX 10...,"46,990","72,990",35% off,4.5
HP 15q Core i5 8th Gen - (8 GB/1 TB HDD/Windows 10 Home) 15q-ds1001TU Laptop,"48,990","49,080",Nan,4.3
Asus Core i5 8th Gen - (4 GB/1 TB HDD/Windows 10 Home/2 GB Graphics) R540UB-DM1043T Laptop,"36,990","52,990",30% off,3.9
Asus VivoBook Gaming Core i5 9th Gen - (8 GB + 32 GB Optane/512 GB SSD/Windows 10 Home/4 GB Graphics/N...,"54,990","79,990",31% off,4.5
Acer Nitro 5 Ryzen 5 Quad Core - (8 GB/1 TB HDD/Windows 10 Home/4 GB Graphics/AMD Radeon RX 560X) AN51...,"47,990","61,094",21% off,4.4
Acer Nitro 5 Ryzen 5 Quad Core - (8 GB/1 TB HDD/Windows 10 Home/4 GB Graphics/NVIDIA Geforce GTX 1650)...,"52,990","73,999",28% off,4.5
Lenovo Ideapad S145 Core i5 10th Gen - (8 GB/1 TB HDD/256 GB SSD/Windows 10 Home) S145-15IIL Laptop,"51,990","70,890",26% off,NaN
HP Pavilion 15-EC Ryzen 5 Quad Core - (8 GB/1 TB HDD/128 GB SSD/Windows 10 Home/3 GB Graphics/NVIDIA G...,"51,990","58,240",10% off,4.5
Apple MacBook Air Core i5 8th Gen - (8 GB/256 GB SSD/Mac OS Mojave) A1932,"1,09,900","1,19,900",8% off,4.7
Lenovo Ideapad S340 Core i5 8th Gen - (8 GB/512 GB SSD/Windows 10 Home/2 GB Graphics) S340 Thin and Li...,"56,990","76,890",25% off,4.4
Dell 14 3000 Core i3 7th Gen - (4 GB/1 TB HDD/Windows 10 Home) inspiron3481 Laptop,"26,990","29,737",9% off,3.8
Acer Nitro 5 Ryzen 7 Quad Core - (8 GB/1 TB HDD/256 GB SSD/Windows 10 Home/4 GB Graphics/NVIDIA Geforc...,"59,990","93,999",36% off,5
HP 15s Ryzen 3 Dual Core - (4 GB/256 GB SSD/Windows 10 Home) 15s-eq0007AU Thin and Light Laptop,"30,990","32,598",4% off,4.5
Apple MacBook Air Core i5 8th Gen - (8 GB/256 GB SSD/Mac OS Mojave) MVFN2HN/A,"1,04,990","1,19,900",12% off,4.7
Asus VivoBook 14 Core i5 8th Gen - (8 GB/512 GB SSD/Windows 10 Home) X412FA-EK230T Thin and Light Lapt...,"49,990","62,990",20% off,4.4
Asus VivoBook 14 Ryzen 5 Quad Core 2nd Gen - (8 GB/512 GB SSD/Windows 10 Home) X412DA-EK502T Thin and ...,"41,990","52,990",20% off,4.4
HP 14q Core i3 7th Gen - (4 GB/1 TB HDD/DOS) 14q-cs0009TU Thin and Light Laptop,"26,990","32,850",17% off,4.2
Acer Swift 3 Core i5 8th Gen - (8 GB/512 GB SSD/Windows 10 Home/2 GB Graphics) SF314-55G Thin and Ligh...,"54,990","62,589",12% off,4.5
Acer Aspire 5 Core i3 8th Gen - (4 GB/1 TB HDD/Windows 10 Home) A515-52 Thin and Light Laptop,"33,990","39,598",14% off,3.8
Lenovo Ideapad L340 Core i7 9th Gen - (8 GB/1 TB HDD/128 GB SSD/Windows 10 Home/4 GB Graphics/NVIDIA G...,"72,990","1,08,790",32% off,4.5
Dell Inspiron 13 5000 Series Core i3 7th Gen - (4 GB/1 TB HDD/Windows 10 Home) 5378 2 in 1 Laptop,"41,990","56,294",25% off,3.5
HP 15 Core i3 8th Gen - (4 GB/1 TB HDD/Windows 10 Home) 15-da0411tu Thin and Light Laptop,"31,999","34,999",8% off,3.9
Lenovo Ideapad S145 Ryzen 3 Dual Core - (4 GB/1 TB HDD/Windows 10 Home) S145-15API Thin and Light Lapt...,"27,990","31,232",10% off,4
Asus VivoBook 14 Core i3 7th Gen - (4 GB/256 GB SSD/Windows 10 Home) X412UA-EK342T Thin and Light Lapt...,"33,990","41,990",19% off,4.3
Asus ROG Strix G Core i7 9th Gen - (8 GB/1 TB HDD/256 GB SSD/Windows 10 Home/4 GB Graphics/NVIDIA Gefo...,"81,990","1,13,990",28% off,4.6
Acer Predator Triton 300 Core i5 9th Gen - (8 GB/1 TB HDD/256 GB SSD/Windows 10 Home/4 GB Graphics/NVI...,"69,990","88,713",21% off,4.6
HP 15q APU Dual Core A6 - (4 GB/1 TB HDD/Windows 10 Home) 15q-dy0006AU Laptop,"22,990","25,152",8% off,4.1
Acer Aspire 5 Core i5 7th Gen - (8 GB/1 TB HDD/Windows 10 Home/2 GB Graphics) A515-51G-5206 Laptop,"41,990","63,999",34% off,3.6
Dell Inspiron 3000 Core i5 10th Gen - (4 GB/512 GB SSD/Windows 10 Home) 3593 Laptop,"49,790","53,136",6% off,NaN
HP 15q Core i3 7th Gen - (4 GB/1 TB HDD/Windows 10 Home) 15q-ds0006TU Laptop,"32,999","36,829",10% off,4.1
Acer Helios 300 Core i7 9th Gen - (16 GB/2 TB HDD/256 GB SSD/Windows 10 Home/8 GB Graphics/NVIDIA Gefo...,"1,39,990","1,81,428",22% off,5
Acer Swift 3 Core i5 8th Gen - (8 GB/512 GB SSD/Windows 10 Home) SF313-51 Thin and Light Laptop,"54,990","70,176",21% off,4.4
HP 15s Ryzen 3 Dual Core - (4 GB/256 GB SSD/Windows 10 Home) 15s-eq0007AU Thin and Light Laptop,"30,990","32,598",4% off,4.5
HP Pavilion x360 Core i5 10th Gen - (8 GB/256 GB SSD/Windows 10 Home) 14-dh1010TU 2 in 1 Laptop,"70,999","80,008",11% off,4.5
Dell Inspiron 13 7000 Series Core i5 8th Gen - (8 GB/512 GB SSD/Windows 10 Home) insp 7380 Thin and Li...,"63,490","72,550",12% off,4.7
Asus ZenBook Pro Duo Core i9 9th Gen - (32 GB/1 TB SSD/Windows 10 Home/6 GB Graphics) UX581GV-H9201T L...,"2,59,990","3,02,990",14% off,NaN
HP 14q Core i3 7th Gen - (4 GB/1 TB HDD/DOS) 14q-cs0009TU Thin and Light Laptop,"26,990","32,850",17% off,4.2
MSI GF63 Thin Core i7 9th Gen - (8 GB/512 GB SSD/Windows 10 Home/4 GB Graphics/NVIDIA Geforce GTX 1650...,"69,990","93,290",24% off,4.5
Microsoft Surface Pro Core i5 7th Gen - (8 GB/128 GB SSD/Windows 10 Pro) M1796 2 in 1 Laptop,"73,990","90,637",18% off,4.2
Asus VivoBook Core i5 8th Gen - (8 GB/1 TB HDD/256 GB SSD/Windows 10 Home) S430UA-EB008T Thin and Ligh...,"64,990",NaN,Nan,4.5
Asus VivoBook S Series Core i5 8th Gen - (8 GB/1 TB HDD/256 GB SSD/Windows 10 Home) S430FA-EB156T Thin...,"52,990","68,990",23% off,4.5
Apple MacBook Pro Core i5 8th Gen - (8 GB/256 GB SSD/Mac OS Mojave) MV962HN,"1,54,990","1,59,900",3% off,4.5
HP Pavilion 15-EC Ryzen 5 Quad Core - (8 GB/1 TB HDD/128 GB SSD/Windows 10 Home/3 GB Graphics/NVIDIA G...,"51,990","58,240",10% off,4.5
MSI P Core i5 10th Gen - (8 GB/512 GB SSD/Windows 10 Home/2 GB Graphics) Prestige 14 A10RB-031IN Thin ...,"79,990","89,990",11% off,4.3
Avita Liber Core i5 8th Gen - (8 GB/256 GB SSD/Windows 10 Home) NS14A2IN199P Thin and Light Laptop,"41,990","65,990",36% off,4.4
Lenovo Ideapad Core i3 7th Gen - (4 GB/1 TB HDD/Windows 10 Home) IP130 Laptop,"32,990","36,890",10% off,NaN
Lenovo Ideapad S145 Ryzen 3 Dual Core - (4 GB/1 TB HDD/Windows 10 Home) S145-15API Thin and Light Lapt...,"27,990","31,232",10% off,4
Asus ZenBook 13 Core i7 8th Gen - (8 GB/512 GB SSD/Windows 10 Home) UX333FA-A4116T Thin and Light Lapt...,"82,990","97,990",15% off,4.5
Asus ZenBook Pro Duo Core i7 9th Gen - (32 GB/1 TB SSD/Windows 10 Home/6 GB Graphics) UX581GV-H7201T L...,"2,09,990","2,42,990",13% off,NaN
Dell Inspiron 3000 Core i7 9th Gen - (8 GB/512 GB SSD/Windows 10 Home/4 GB Graphics/NVIDIA Geforce GTX...,"93,490","1,04,776",10% off,NaN
HP Pavilion Ryzen 7 Quad Core - (8 GB/1 TB HDD/128 GB SSD/Windows 10 Home/6 GB Graphics/NVIDIA Geforce...,"74,990","78,365",4% off,5
Lenovo Core i7 8th Gen - (8 GB/1 TB HDD/Windows 10 Home/2 GB Graphics) L340-15IWL Laptop,"58,990","87,690",32% off,4.3
HP 15q APU Dual Core A6 - (4 GB/1 TB HDD/Windows 10 Home) 15q-dy0006AU Laptop,"22,990","25,152",8% off,4.1
Lenovo Ideapad 330 Core i5 8th Gen - (8 GB/1 TB HDD/DOS/4 GB Graphics) 330-15IKB/ 81DELenovo ideapad 3...,"48,990","65,690",25% off,4.3
Microsoft Surface Pro X SQ1 Octa Core - (8 GB/128 GB SSD/Windows 10 Home) M1876 Laptop,"98,990","98,999",Nan,NaN
HP Pavilion x360 14 Core i3 10th Gen - (4 GB/256 GB SSD/Windows 10 Home) 14-dh1006TU 2 in 1 Laptop,"47,680","53,107",10% off,4
HP 15s Ryzen 3 Dual Core - (4 GB/256 GB SSD/Windows 10 Home) 15s-eq0007AU Thin and Light Laptop,"30,990","32,598",4% off,4.5
HP Envy 13 Core i5 10th Gen - (8 GB/256 GB SSD/Windows 10 Home) 13-aq1014TU Thin and Light Laptop,"76,990","80,007",3% off,NaN
Avita Liber Core i5 8th Gen - (8 GB/256 GB SSD/Windows 10 Home) NS14A2IN205P Thin and Light Laptop,"41,990","65,990",36% off,4.4
Avita Liber Core i5 8th Gen - (8 GB/256 GB SSD/Windows 10 Home) NS14A2IN204P Thin and Light Laptop,"41,990","65,990",36% off,4.4
Apple MacBook Pro Core i5 7th Gen - (8 GB/128 GB SSD/Mac OS Sierra) MPXR2HN/A,"1,12,990","1,19,990",5% off,4.6
Lenovo Ideapad Core i5 7th Gen - (8 GB/1 TB HDD/Windows 10 Home/2 GB Graphics) IP 320-15IKB Laptop,"51,990","53,745",3% off,4.3
HP 14q Core i3 7th Gen - (4 GB/1 TB HDD/DOS) 14q-cs0009TU Thin and Light Laptop,"26,990","32,850",17% off,4.2
Acer Swift 5 Core i5 8th Gen - (8 GB/256 GB SSD/Windows 10 Home) SF514-52T Thin and Light Laptop,"64,990","82,799",21% off,4.6
Dell Vostro 14 3000 Core i5 8th Gen - (8 GB/1 TB HDD/Linux/2 GB Graphics) VOS 3480 Laptop,"42,990","50,268",14% off,4.3
Avita Liber Core i5 8th Gen - (8 GB/256 GB SSD/Windows 10 Home) NS14A2IN198P Thin and Light Laptop,"41,990","65,990",36% off,4.4
HP Pavilion 15-EC Ryzen 5 Quad Core - (8 GB/1 TB HDD/128 GB SSD/Windows 10 Home/3 GB Graphics/NVIDIA G...,"51,990","58,240",10% off,4.5
Lenovo Ideapad S145 Core i3 7th Gen - (4 GB/1 TB HDD/Windows 10 Home) S145-15IKB Laptop,"32,490","39,990",18% off,4.3
Asus VivoBook 14 Ryzen 5 Quad Core - (4 GB/1 TB HDD/Windows 10 Home) X412DA-EK141T Thin and Light Lapt...,"36,990","44,031",15% off,4.3
Apple MacBook Air Core i5 8th Gen - (8 GB/256 GB SSD/Mac OS Mojave) MVFL2HN/A,"1,11,162","1,19,900",7% off,4.7
Asus ZenBook 13 Core i5 8th Gen - (8 GB/256 GB SSD/Windows 10 Home) UX333FA-A4046T Thin and Light Lapt...,"69,990","78,153",10% off,4.1
Acer Aspire 7 Core i5 9th Gen - (8 GB/512 GB SSD/Windows 10 Home/4 GB Graphics/NVIDIA Geforce GTX 1650...,"54,990","79,999",31% off,4
Lenovo Ideapad S145 Ryzen 3 Dual Core - (4 GB/1 TB HDD/Windows 10 Home) S145-15API Thin and Light Lapt...,"27,990","31,232",10% off,4
Lenovo Legion Y7000 Core i5 9th Gen - (8 GB/1 TB HDD/256 GB SSD/Windows 10 Home/3 GB Graphics/NVIDIA G...,"66,990","92,990",27% off,4.8
Avita Liber Core i5 8th Gen - (8 GB/256 GB SSD/Windows 10 Home) NS14A2IN202P Thin and Light Laptop,"41,990","65,990",36% off,4.4
HP Spectre x360 Core i7 8th Gen - (16 GB/512 GB SSD/Windows 10 Pro) 13-ae503TU 2 in 1 Laptop,"1,49,490","1,68,395",11% off,3.7
HP 15q APU Dual Core A6 - (4 GB/1 TB HDD/Windows 10 Home) 15q-dy0006AU Laptop,"22,990","25,152",8% off,4.1
Asus Core i5 8th Gen - (8 GB/512 GB SSD/Windows 10 Home/2 GB Graphics) X509FJ-EJ502T Laptop,"50,690","59,990",15% off,4.1
Lenovo Ideapad 720S Core i5 8th Gen - (8 GB/512 GB SSD/Windows 10 Home) 720S-13IKB Thin and Light Lapt...,"83,458",NaN,Nan,5
Lenovo Legion Y740 Core i7 9th Gen - (8 GB/1 TB SSD/Windows 10 Home/6 GB Graphics/NVIDIA Geforce GTX 1...,"1,19,990","2,07,490",42% off,4.7
HP 15 Core i7 8th Gen - (8 GB/1 TB HDD/128 GB SSD/Windows 10 Home/4 GB Graphics) 15-dc0082TX Laptop,"1,16,941",NaN,Nan,NaN
Asus ROG Strix G Core i5 9th Gen - (8 GB/512 GB SSD/Windows 10 Home/4 GB Graphics/NVIDIA Geforce GTX 1...,"79,990","1,01,990",21% off,NaN
HP 15s Ryzen 3 Dual Core - (4 GB/256 GB SSD/Windows 10 Home) 15s-eq0007AU Thin and Light Laptop,"30,990","32,598",4% off,4.5
HP 15 Core i7 8th Gen - (16 GB/1 TB HDD/128 GB SSD/Windows 10 Home/4 GB Graphics) 15-dc0084TX Laptop,"1,26,873",NaN,Nan,NaN
Asus VivoBook Gaming Core i5 9th Gen - (8 GB/1 TB HDD/256 GB SSD/Windows 10 Home/4 GB Graphics/NVIDIA ...,"62,990","80,990",22% off,4.4
Acer Aspire 5 Core i3 7th Gen - (4 GB/256 GB SSD/Windows 10 Home) A515-52K Laptop,"36,701",NaN,Nan,NaN
HP 14q Core i3 7th Gen - (4 GB/1 TB HDD/DOS) 14q-cs0009TU Thin and Light Laptop,"26,990","32,850",17% off,4.2
Nexstgo Core i5 8th Gen - (16 GB/512 GB SSD/Windows 10 Pro) NX101 Thin and Light Laptop,"97,990","1,16,490",15% off,NaN
Avita Liber Core i5 8th Gen - (8 GB/256 GB SSD/Windows 10 Home) NS13A2IN205P Thin and Light Laptop,"64,990","65,990",1% off,4.6
Lenovo Legion Core i5 9th Gen - (8 GB/1 TB SSD/Windows 10/4 GB Graphics/NVIDIA Geforce GTX GTX1650) Le...,"79,990","99,999",20% off,NaN
Nexstgo Core i7 8th Gen - (8 GB/256 GB SSD/Windows 10 Pro) NX101 Thin and Light Laptop,"86,990","1,03,990",16% off,NaN
Acer Predator Triton 500 Core i7 9th Gen - (16 GB/1 TB SSD/Windows 10 Home/6 GB Graphics/NVIDIA Geforc...,"1,65,826",NaN,Nan,NaN
HP Pavilion 15-EC Ryzen 5 Quad Core - (8 GB/1 TB HDD/128 GB SSD/Windows 10 Home/3 GB Graphics/NVIDIA G...,"51,990","58,240",10% off,4.5
Lenovo Ideapad S145 Core i3 8th Gen - (4 GB/1 TB HDD/Windows 10 Home) S145-15IWL Thin and Light Laptop,"39,990","42,490",5% off,4
Lenovo Core i5 7th Gen - (8 GB/1 TB HDD/Windows 10 Home/2 GB Graphics) Ideapad 510 Laptop,"57,309",NaN,Nan,4.1
Asus ROG Strix Hero III Core i7 9th Gen - (16 GB/1 TB HDD/256 GB SSD/Windows 10 Home/6 GB Graphics/NVI...,"1,39,990","1,81,990",23% off,NaN
Lenovo Ideapad S145 Ryzen 3 Dual Core - (4 GB/1 TB HDD/Windows 10 Home) S145-15API Thin and Light Lapt...,"27,990","31,232",10% off,4
Lenovo Ideapad L340 Core i5 9th Gen - (8 GB/1 TB HDD/Windows 10 Home/4 GB Graphics/NVIDIA Geforce GTX ...,"67,990","80,990",16% off,NaN
HP Envy 13 Core i5 10th Gen - (8 GB + 32 GB Optane/512 GB SSD/Windows 10 Home) 13-aq1015TU Thin and Li...,"82,990","88,194",5% off,NaN
Lenovo Yoga 730 Core i7 8th Gen - (8 GB/512 GB SSD/Windows 10 Home) 730-13IKB Thin and Light Laptop,"1,09,990","1,25,890",12% off,NaN
Lenovo Core i5 7th Gen - (8 GB/1 TB HDD/Windows 10 Home/4 GB Graphics) IP 520 Laptop,"64,715",NaN,Nan,4
Dell XPS 15 Core i9 9th Gen - (32 GB/1 TB SSD/Windows 10 Home/4 GB Graphics) 7590 Laptop,"2,49,990","2,50,222",Nan,NaN
HP 15q APU Dual Core A6 - (4 GB/1 TB HDD/Windows 10 Home) 15q-dy0006AU Laptop,"22,990","25,152",8% off,4.1
HP 14q Core i3 7th Gen - (4 GB/1 TB HDD/Windows 10 Home) 14q-CS0005TU Thin and Light Laptop,"29,490","32,971",10% off,4.2
Asus FX503 Core i7 7th Gen - (8 GB/1 TB HDD/128 GB SSD/Windows 10 Home/4 GB Graphics/NVIDIA Geforce GT...,"87,990",NaN,Nan,5
Apple MacBook Pro Core i5 8th Gen - (8 GB/256 GB SSD/Mac OS Mojave) MUHP2HN/A,"1,29,985","1,39,900",7% off,NaN
HP 15s Ryzen 3 Dual Core - (4 GB/256 GB SSD/Windows 10 Home) 15s-eq0007AU Thin and Light Laptop,"30,990","32,598",4% off,4.5
Asus ZenBook 13 Core i5 8th Gen - (8 GB/512 GB SSD/Windows 10 Home) UX331UAL-EG011T Thin and Light Lap...,"63,990","78,999",18% off,4.5
Avita Liber Core i5 8th Gen - (8 GB/256 GB SSD/Windows 10 Home) NS14A2IN212P Thin and Light Laptop,"41,990","65,990",36% off,4.4
HP Pavilion Core i5 9th Gen - (8 GB/1 TB HDD/256 GB SSD/Windows 10 Home/4 GB Graphics/NVIDIA Geforce G...,"82,990","84,990",2% off,NaN
Microsoft Surface Pro Core i5 7th Gen - (4 GB/128 GB SSD/Windows 10 Pro) 1796 2 in 1 Laptop,"79,999",NaN,Nan,4.5
Asus VIVOBOOK Core i3 8th Gen - (4 GB/512 GB SSD/Windows 10) X509FA Notebook,"35,990","42,990",16% off,NaN
HP 14q Core i3 7th Gen - (4 GB/1 TB HDD/DOS) 14q-cs0009TU Thin and Light Laptop,"26,990","32,850",17% off,4.2
Asus VivoBook 14 APU Quad Core A12 - (4 GB/1 TB HDD/Windows 10 Home) X411QA-EK001T Thin and Light Lapt...,"26,990","36,865",26% off,4
Asus ROG Core i7 7th Gen - (8 GB/1 TB HDD/Windows 10 Home/4 GB Graphics/NVIDIA Geforce GTX 1050) GL553...,"1,07,990",NaN,Nan,4.3
Dell G3 Series Core i5 8th Gen - (8 GB/1 TB HDD/128 GB SSD/Windows 10 Home/4 GB Graphics/NVIDIA Geforc...,"57,990","76,177",23% off,4.4
HP Pavilion 15-EC Ryzen 5 Quad Core - (8 GB/1 TB HDD/128 GB SSD/Windows 10 Home/3 GB Graphics/NVIDIA G...,"51,990","58,240",10% off,4.5
Asus ROG Strix Edition Core i7 7th Gen - (8 GB/1 TB HDD/128 GB SSD/Windows 10 Home/4 GB Graphics/NVIDI...,"92,990",NaN,Nan,4
Acer Nitro 5 Core i7 9th Gen - (8 GB/1 TB HDD/256 GB SSD/Windows 10 Home/4 GB Graphics/NVIDIA Geforce ...,"85,990","99,285",13% off,NaN
Asus X512FA Core i3 10th Gen - (4 GB/512 GB SSD/Windows 10 Home) X512FA-EJ372T Laptop,"40,990","48,990",16% off,NaN
Lenovo Ideapad 520 Core i5 8th Gen - (4 GB/1 TB HDD/Windows 10 Home/2 GB Graphics) 520-15IKB Laptop,"55,139",NaN,Nan,NaN
HP 14q Core i5 8th Gen - (4 GB/1 TB HDD/Windows 10 Home) 14q-cs0007TU Laptop,"44,990","48,207",6% off,3.3
Lenovo Ideapad S145 Ryzen 3 Dual Core - (4 GB/1 TB HDD/Windows 10 Home) S145-15API Thin and Light Lapt...,"27,990","31,232",10% off,4
Lenovo Ideapad 500s Core i5 6th Gen - (4 GB/1 TB HDD/Windows 10 Home/2 GB Graphics) 500S-14ISK Laptop,"53,000",NaN,Nan,4.1
Asus Core i5 8th Gen - (8 GB/1 TB HDD/Windows 10 Home/2 GB Graphics) R540UB-DM1197T Laptop,"39,990","48,610",17% off,4.1
Asus VivoBook 15 Core i3 7th Gen - (4 GB/1 TB HDD/Windows 10 Home) X543UA-DM342T Laptop,"27,990","37,591",25% off,4.2
HP 15q APU Dual Core A6 - (4 GB/1 TB HDD/Windows 10 Home) 15q-dy0006AU Laptop,"22,990","25,152",8% off,4.1
HP 14 Core i5 8th Gen - (8 GB/256 GB SSD/Windows 10 Home) 14-bf120TU Laptop,"56,998","72,560",21% off,NaN
Avita Liber Core i7 8th Gen - (8 GB/256 GB SSD/Windows 10 Home) NS14A2IN241P Thin and Light Laptop,"75,990","79,990",5% off,NaN
Avita Liber Core i7 8th Gen - (8 GB/256 GB SSD/Windows 10 Home) NS14A2IN239P Thin and Light Laptop,"75,990","79,990",5% off,NaN
Apple MacBook Core m3 7th Gen - (8 GB/256 GB SSD/Mac OS Sierra) MNYH2HN/A,"1,12,990","1,19,990",5% off,NaN
Avita Liber Core i7 8th Gen - (8 GB/256 GB SSD/Windows 10 Home) NS14A2IN249P Thin and Light Laptop,"75,990","79,990",5% off,NaN
HP 15s Ryzen 3 Dual Core - (4 GB/256 GB SSD/Windows 10 Home) 15s-eq0007AU Thin and Light Laptop,"30,990","32,598",4% off,4.5
Avita Liber Core i7 8th Gen - (8 GB/256 GB SSD/Windows 10 Home) NS14A2IN246P Thin and Light Laptop,"75,990","79,990",5% off,NaN
Avita Liber Core i7 8th Gen - (8 GB/256 GB SSD/Windows 10 Home) NS14A2IN244P Thin and Light Laptop,"75,990","79,990",5% off,NaN
HP G4 APU Dual Core A9 7th Gen - (4 GB/500 GB HDD/Windows 10 Home) 455 G4 Laptop,"35,000","58,800",40% off,NaN
HP 14q Core i3 7th Gen - (4 GB/1 TB HDD/DOS) 14q-cs0009TU Thin and Light Laptop,"26,990","32,850",17% off,4.2
Dell Vostro 3000 Core i5 8th Gen - (8 GB/1 TB HDD/Windows 10 Home) 3480 Laptop,"52,174",NaN,Nan,4
Lenovo 81N400EBIN Core i5 8th Gen - (8 GB/512 GB SSD/Windows 10 Home/2 GB Graphics) C340-14IWL Thin an...,"80,498","1,09,890",26% off,NaN
Asus VivoBook 15 Core i7 8th Gen - (8 GB/1 TB HDD/256 GB SSD/Windows 10 Home/2 GB Graphics) X512FL-EJ2...,"69,990","79,990",12% off,4.8
Asus ROG Strix Hero II Core i7 8th Gen - (16 GB/1 TB HDD/256 GB SSD/Windows 10 Home/6 GB Graphics/NVID...,"1,64,990","1,97,990",16% off,NaN
Avita Liber Core i7 8th Gen - (8 GB/256 GB SSD/Windows 10 Home) NS14A2IN247P Thin and Light Laptop,"75,990","79,990",5% off,NaN
HP Pavilion 15-EC Ryzen 5 Quad Core - (8 GB/1 TB HDD/128 GB SSD/Windows 10 Home/3 GB Graphics/NVIDIA G...,"51,990","58,240",10% off,4.5
HP Chromebook x360 Core i3 8th Gen - (8 GB/64 GB EMMC Storage/Chrome OS) 14-da0003TU 2 in 1 Laptop,"44,990","46,881",4% off,4.2
Lenovo Ideapad 330 Core i3 8th Gen - (4 GB/1 TB HDD/Windows 10 Home) 330-15IKB Laptop,"42,490",NaN,Nan,NaN
Asus X Series Core i3 7th Gen - (4 GB/1 TB HDD/Endless) X540UA-GQ703 Laptop,"25,990","33,990",23% off,4.1
Lenovo Ideapad S145 Ryzen 3 Dual Core - (4 GB/1 TB HDD/Windows 10 Home) S145-15API Thin and Light Lapt...,"27,990","31,232",10% off,4
HP Spectre x360 Core i5 8th Gen - (8 GB/256 GB SSD/Windows 10 Pro) 13-ap0121TU 2 in 1 Laptop,"1,51,133",NaN,Nan,NaN
HP Spectre Folio x360 Core i7 8th Gen - (16 GB/512 GB SSD/Windows 10 Pro) 13-ak0040TU 2 in 1 Laptop,"2,15,000","2,15,909",Nan,NaN
HP Spectre x360 Core i7 8th Gen - (16 GB/512 GB SSD/Windows 10 Home) 13-ap0101TU 2 in 1 Laptop,"1,72,725",NaN,Nan,NaN
Acer Nitro 5 Core i5 9th Gen - (8 GB/1 TB HDD/Windows 10 Home/3 GB Graphics/NVIDIA Geforce GTX 1050) A...,"59,990","81,999",26% off,NaN
HP CE Core i5 8th Gen - (8 GB/256 GB SSD/Windows 10 Home/2 GB Graphics) CE1000TX Thin and Light Laptop,"64,990","77,323",15% off,NaN
HP 15s Ryzen 3 Dual Core - (4 GB/256 GB SSD/Windows 10 Home) 15s-eq0007AU Thin and Light Laptop,"30,990","32,598",4% off,4.5
Lenovo Ideapad 330 Ryzen 5 Quad Core - (4 GB/1 TB HDD/Windows 10 Home) 330-15ARR U Laptop,"29,990","39,577",24% off,4.1
HP Omen Core i5 7th Gen - (8 GB/1 TB HDD/128 GB SSD/Windows 10 Home/4 GB Graphics/NVIDIA Geforce GTX 1...,"1,02,551",NaN,Nan,NaN
Dell Core i5 5th Gen - (8 GB/1 TB HDD/Windows 10 Home/4 GB Graphics) 7548 Laptop,"69,500",NaN,Nan,1.6
HP 14q Core i3 7th Gen - (4 GB/1 TB HDD/DOS) 14q-cs0009TU Thin and Light Laptop,"26,990","32,850",17% off,4.2
Dell Vostro 14 3000 Core i5 8th Gen - (8 GB/1 TB HDD/Windows 10 Home/2 GB Graphics) vos 3480 Laptop,"43,990","54,516",19% off,4.1
Acer Aspire 3 Celeron Dual Core - (2 GB/500 GB HDD/Linux) A315-31 Laptop,"20,500",NaN,Nan,3.9
Avita Liber Core i3 8th Gen - (8 GB/128 GB SSD/Windows 10 Home) NS14A2IN190P Thin and Light Laptop,"38,990","45,990",15% off,NaN
Microsoft Surface Go Pentium Gold - (8 GB/128 GB SSD/Windows 10 Home in S Mode) 1824 2 in 1 Laptop,"49,999","50,999",1% off,4.4
Alienware 15 Core i9 8th Gen - (32 GB/1 TB HDD/1 TB SSD/Windows 10 Home/8 GB Graphics/NVIDIA Geforce G...,"3,20,990","3,21,609",Nan,NaN
HP Pavilion 15-EC Ryzen 5 Quad Core - (8 GB/1 TB HDD/128 GB SSD/Windows 10 Home/3 GB Graphics/NVIDIA G...,"51,990","58,240",10% off,4.5
Dell Inspiron 14 3000 Series Core i3 7th Gen - (4 GB/1 TB HDD/Windows 10 Home) 3467 Laptop,"29,990","32,367",7% off,3.8
HP Pavilion 13 Core i5 8th Gen - (8 GB/256 GB SSD/Windows 10 Home) 13-an0046tu Thin and Light Laptop,"79,251",NaN,Nan,NaN
Dell Inspiron 15 7000 Series Core i5 8th Gen - (8 GB/1 TB HDD/128 GB SSD/Windows 10 Home/2 GB Graphics...,"81,990","91,076",9% off,NaN
Lenovo Ideapad S145 Ryzen 3 Dual Core - (4 GB/1 TB HDD/Windows 10 Home) S145-15API Thin and Light Lapt...,"27,990","31,232",10% off,4
Apple Macbook Pro Core i7 8th Gen - (16 GB/512 GB SSD/Mac OS Mojave/4 GB Graphics) MR942HN/A,"2,39,990","2,59,990",7% off,4
Apple MacBook Pro Core i7 7th Gen - (16 GB/512 GB SSD/Mac OS Sierra/2 GB Graphics) MPTT2HN/A,"2,29,990","2,44,990",6% off,NaN
HP Omen Core i5 7th Gen - (8 GB/1 TB HDD/128 GB SSD/Windows 10 Home/6 GB Graphics/NVIDIA Geforce GTX 1...,"1,37,098",NaN,Nan,NaN
Acer Swift 3 Core i5 8th Gen - (4 GB/256 GB SSD/Linux) SF314-52 Laptop,"49,999","50,999",1% off,NaN
Avita Liber Core i5 8th Gen - (8 GB/256 GB SSD/Windows 10 Home) NS14A2IN206P Thin and Light Laptop,"41,990","65,990",36% off,4.4
HP 15q APU Dual Core A6 - (4 GB/1 TB HDD/Windows 10 Home) 15q-dy0006AU Laptop,"22,990","25,152",8% off,4.1
Lenovo Ideapad S145 Core i3 10th Gen - (4 GB/1 TB HDD/Windows 10 Home) S145 Thin and Light Laptop,"35,998","43,290",16% off,NaN
Smartron t.book flex Core m3 7th Gen - (4 GB/128 GB SSD/Windows 10 Home) T1223 2 in 1 Laptop,"42,490","45,990",7% off,4.3
HP 15q Ryzen 5 Quad Core - (4 GB/1 TB HDD/Windows 10 Home) 15q-dy0008AU Laptop,"33,990","46,412",26% off,4
HP 15s Ryzen 3 Dual Core - (4 GB/256 GB SSD/Windows 10 Home) 15s-eq0007AU Thin and Light Laptop,"30,990","32,598",4% off,4.5
Lenovo Ideapad S145 APU Dual Core A6 - (4 GB/1 TB HDD/Windows 10 Home) S145-14AST Thin and Light Lapto...,"20,990","25,080",16% off,3.6
Dell Inspiron 5000 Core i7 8th Gen - (8 GB/1 TB HDD/512 GB SSD/Windows 10 Home/4 GB Graphics) 5584 Lap...,"79,990","85,990",6% off,4.4
Dell Inspiron 5447 Notebook (4th Gen Ci5/ 4GB/ 1TB/ Win8.1/ 2GB Graph) (5447541TB2S),"48,300",NaN,Nan,3.9
HP Chromebook Celeron Dual Core - (4 GB/64 GB EMMC Storage/Chrome OS) 14-ca003TU Laptop,"23,990","29,990",20% off,4
MSI GL Series Core i5 8th Gen - (8 GB/1 TB HDD/Windows 10 Home/4 GB Graphics/NVIDIA Geforce GTX 1050) ...,"60,990","74,990",18% off,4.4
HP 14q Core i3 7th Gen - (4 GB/1 TB HDD/DOS) 14q-cs0009TU Thin and Light Laptop,"26,990","32,850",17% off,4.2
Avita Liber Core i5 8th Gen - (8 GB/512 GB SSD/Windows 10 Home) NS14A2IN218P Thin and Light Laptop,"72,990","76,990",5% off,NaN
Avita Liber Core i5 8th Gen - (8 GB/512 GB SSD/Windows 10 Home) NS14A2IN223P Thin and Light Laptop,"72,990","76,990",5% off,NaN
Avita Liber Core i5 8th Gen - (8 GB/512 GB SSD/Windows 10 Home) NS14A2IN215P Thin and Light Laptop,"72,990","76,990",5% off,NaN
HP Pavilion 15-EC Ryzen 5 Quad Core - (8 GB/1 TB HDD/128 GB SSD/Windows 10 Home/3 GB Graphics/NVIDIA G...,"51,990","58,240",10% off,4.5
Avita Liber Core i5 7th Gen - (8 GB/512 GB SSD/Windows 10 Home) NS13A1IN013P Thin and Light Laptop,"73,990","79,990",7% off,NaN
Avita Liber Core i5 7th Gen - (8 GB/512 GB SSD/Windows 10 Home) NS13A1IN012P Thin and Light Laptop,"73,990","79,990",7% off,NaN
Avita Liber Core i5 7th Gen - (8 GB/512 GB SSD/Windows 10 Home) NS13A1IN019P Thin and Light Laptop,"73,990","79,990",7% off,NaN
MSI G Core i7 9th Gen - (16 GB/512 GB SSD/Windows 10 Home/6 GB Graphics/NVIDIA Geforce GTX 1660 Ti) GF...,"1,04,990",NaN,Nan,NaN
Dell Inspiron 3000 Core i7 9th Gen - (8 GB/1 TB HDD/512 GB SSD/Windows 10 Home/4 GB Graphics/NVIDIA Ge...,"96,990","1,07,990",10% off,NaN
Lenovo Ideapad S145 Ryzen 3 Dual Core - (4 GB/1 TB HDD/Windows 10 Home) S145-15API Thin and Light Lapt...,"27,990","31,232",10% off,4
Asus VivoBook Ryzen 5 Quad Core - (8 GB/1 TB HDD/Windows 10 Home) X505ZA-EJ509TX505Z Thin and Light La...,"36,500","43,990",17% off,4.2
Lenovo Ideapad 330 Core i3 7th Gen - (4 GB/1 TB HDD/Windows 10 Home) 330-15IKB Laptop,"43,990",NaN,Nan,4.3
HP 15 Core i5 8th Gen - (8 GB/1 TB HDD/Windows 10/2 GB Graphics) 15g-dr0006tx Laptop,"55,990","65,990",15% off,4.1
HP 15q APU Dual Core A6 - (4 GB/1 TB HDD/Windows 10 Home) 15q-dy0006AU Laptop,"22,990","25,152",8% off,4.1
Lenovo Ideapad 330s Core i3 7th Gen - (4 GB/1 TB HDD/Windows 10 Home) 330S-15IKB Thin and Light Laptop,"42,309",NaN,Nan,4
Dell Inspiron 13 5000 Core i7 8th Gen - (8 GB/256 GB SSD/Windows 10 Home/2 GB Graphics) 5370 Thin and ...,"78,990","84,664",6% off,4.2
HP Pavilion 13 Core i5 8th Gen - (8 GB/128 GB SSD/Windows 10 Home) 13-an0045tu Thin and Light Laptop,"57,990","76,012",23% off,4.4
Alienware 17 Core i9 8th Gen - (32 GB/1 TB HDD/1 TB SSD/Windows 10 Home/8 GB Graphics/NVIDIA Geforce G...,"3,48,990","3,49,817",Nan,NaN
Dell Inspiron 15 5000 Core i5 8th Gen - (8 GB/1 TB HDD/Windows 10 Home/2 GB Graphics) 5570 Laptop,"50,350","69,990",28% off,3.9
HP 15s Ryzen 3 Dual Core - (4 GB/256 GB SSD/Windows 10 Home) 15s-eq0007AU Thin and Light Laptop,"30,990","32,598",4% off,4.5
Asus Core i5 8th Gen - (4 GB/1 TB HDD/Windows 10 Home) X540UA-DM1027T Laptop,"33,990","48,990",30% off,3.8
Dell Inspiron 15 7000 Core i5 8th Gen - (8 GB/1 TB HDD/128 GB SSD/Windows 10 Home/4 GB Graphics) 7570 ...,"79,990","83,605",4% off,4.6
MSI Core i7 9th Gen - (16 GB/1 TB HDD/256 GB SSD/Windows 10 Home/6 GB Graphics/NVIDIA Geforce GTX 1660...,"1,33,990","1,34,990",Nan,NaN
HP 14q Core i3 7th Gen - (4 GB/1 TB HDD/DOS) 14q-cs0009TU Thin and Light Laptop,"26,990","32,850",17% off,4.2
HP Pavilion Core i7 8th Gen - (8 GB/2 TB HDD/Windows 10 Home/4 GB Graphics) 15-CS1052TX Thin and Light...,"84,990","89,990",5% off,NaN
Lenovo Legion Y530 Core i5 8th Gen - (8 GB/1 TB HDD/128 GB SSD/Windows 10 Home/4 GB Graphics/NVIDIA Ge...,"77,999","95,000",17% off,4.3
Dell Inspiron 5000 Core i7 8th Gen - (8 GB/256 GB SSD/Windows 10 Home/4 GB Graphics) 5370 Thin and Lig...,"65,990","88,532",25% off,4.5
HP 15 Ryzen 3 Dual Core - (4 GB/1 TB HDD/Windows 10 Home) 15-db0186AU Laptop,"28,990","37,990",23% off,3.9
Asus ZenBook 13 Core i5 8th Gen - (8 GB/512 GB SSD/Windows 10 Home) UX331FAL-EG003T Thin and Light Lap...,"61,990","85,990",27% off,4.5
HP Pavilion 15-EC Ryzen 5 Quad Core - (8 GB/1 TB HDD/128 GB SSD/Windows 10 Home/3 GB Graphics/NVIDIA G...,"51,990","58,240",10% off,4.5
Acer Aspire 3 Ryzen 5 Quad Core - (4 GB/1 TB HDD/Windows 10 Home) A315-41 Laptop,"28,990","43,105",32% off,3.9
Dell G3 Series Core i7 8th Gen - (8 GB/1 TB HDD/128 GB SSD/Windows 10 Home/4 GB Graphics/NVIDIA Geforc...,"86,990","98,141",11% off,4.4
iBall CompBook Pentium Quad Core - (4 GB/32 GB EMMC Storage/Windows 10 Home) Premio v3.0 Laptop,"13,990","19,999",30% off,3.8
Lenovo Ideapad S145 Ryzen 3 Dual Core - (4 GB/1 TB HDD/Windows 10 Home) S145-15API Thin and Light Lapt...,"27,990","31,232",10% off,4
Avita Liber Core i5 8th Gen - (8 GB/256 GB SSD/Windows 10 Home) NS14A2IN196P Thin and Light Laptop,"41,990","65,990",36% off,4.4
Lenovo Ideapad 320 APU Dual Core A6 - (4 GB/1 TB HDD/DOS) IP 320-15AST Laptop,"20,990","24,862",15% off,3.9
Apple MacBook Pro Core i9 8th Gen - (16 GB/512 GB SSD/Mac OS Mojave/4 GB Graphics) MV912HN,"2,09,990","2,39,900",12% off,4.7
MSI G Ryzen 7 Quad Core - (16 GB/1 TB HDD/256 GB SSD/Windows 10 Home/4 GB Graphics/AMD Radeon RX 5500M...,"69,990","94,990",26% off,4.1
Lenovo Ideapad 330 Core i5 8th Gen - (8 GB/1 TB HDD/Windows 10 Home/4 GB Graphics/NVIDIA Geforce GTX 1...,"53,990","79,690",32% off,4.1
HP 15q APU Dual Core A6 - (4 GB/1 TB HDD/Windows 10 Home) 15q-dy0006AU Laptop,"22,990","25,152",8% off,4.1
Asus VivoBook 14 Core i5 8th Gen - (8 GB/512 GB SSD/Windows 10 Home) X412FA-EK295T Thin and Light Lapt...,"50,990","65,990",22% off,4.4
Apple MacBook Air Core i5 8th Gen - (8 GB/128 GB SSD/Mac OS Mojave) MRE82HN/A,"1,06,990","1,14,900",6% off,4.7
Asus TUF Core i5 8th Gen - (8 GB/1 TB HDD/128 GB SSD/Windows 10 Home/4 GB Graphics/NVIDIA Geforce GTX ...,"66,990","82,990",19% off,4.5
HP 15s Ryzen 3 Dual Core - (4 GB/256 GB SSD/Windows 10 Home) 15s-eq0007AU Thin and Light Laptop,"30,990","32,598",4% off,4.5
Acer NITRO 5 Core i5 9th Gen - (8 GB/1 TB HDD/256 GB SSD/Windows 10 Home/4 GB Graphics/NVIDIA Geforce ...,"62,990","96,999",35% off,3.7
Lenovo Ideapad S145 Core i3 7th Gen - (4 GB/1 TB HDD/Windows 10 Home) S145-15IKB Thin and Light Laptop,"29,990","38,290",21% off,3.9
Lenovo AMD Celeron Quad Core - (4 GB/1 TB HDD/Windows 10 Home) S145-15IGM Laptop,"22,500","22,790",1% off,3.7
Dell Inspiron 7000 Core i5 6th Gen - (8 GB/1 TB HDD/8 GB SSD/Windows 10 Home/4 GB Graphics/NVIDIA Gefo...,"88,768",NaN,Nan,3
HP DA Core i3 7th Gen - (4 GB/1 TB HDD/Windows 10 Home) 15-DA0410TU Laptop,"30,499","33,450",8% off,4.3
HP 14q Core i3 7th Gen - (4 GB/1 TB HDD/DOS) 14q-cs0009TU Thin and Light Laptop,"26,990","32,850",17% off,4.2
HP G7 Core i3 7th Gen - (4 GB/1 TB HDD/DOS) 250 G7 Laptop,"28,499","31,287",8% off,4.1
Asus ROG Strix Core i7 8th Gen - (8 GB/1 TB HDD/256 GB SSD/Windows 10 Home/4 GB Graphics/NVIDIA Geforc...,"76,990","1,13,990",32% off,4.4
Asus ROG Strix Core i5 8th Gen - (8 GB/1 TB HDD/256 GB SSD/Windows 10 Home/4 GB Graphics/NVIDIA Geforc...,"85,990","90,950",5% off,4.5
HP Pavilion 15-EC Ryzen 5 Quad Core - (8 GB/1 TB HDD/128 GB SSD/Windows 10 Home/3 GB Graphics/NVIDIA G...,"51,990","58,240",10% off,4.5
Lenovo Ideapad S340 Ryzen 3 Dual Core - (8 GB/1 TB HDD/128 GB SSD/Windows 10 Home) S340-14API Laptop,"36,990","52,390",29% off,NaN
Asus 15.6 Ryzen 3 Dual Core - (4 GB/1 TB HDD/Windows 10 Home) X505ZA-EJ492TX505Z Laptop,"32,990","34,990",5% off,3.6
Dell Inspiron 15 5000 Core i5 8th Gen - (8 GB/2 TB HDD/Windows 10 Home/2 GB Graphics) 5570 Laptop,"52,990","74,490",28% off,4.1
Dell Vostro Core i3 6th Gen - (4 GB/1 TB HDD/Windows 10) 3568 Laptop,"29,900","39,990",25% off,4
Lenovo Ideapad S145 Pentium Gold - (4 GB/1 TB HDD/DOS) 81mvlenovo ideapad s145-15iwl u Laptop,"24,990","32,090",22% off,3.6
Lenovo Ideapad S145 Ryzen 3 Dual Core - (4 GB/1 TB HDD/Windows 10 Home) S145-15API Thin and Light Lapt...,"27,990","31,232",10% off,4
Acer Spin 3 Core i3 6th Gen - (4 GB/1 TB HDD/Windows 10 Home) SP315-51-3723 2 in 1 Laptop,"34,490","47,990",28% off,3.5
Asus X505ZA Ryzen 5 Quad Core 7th Gen - (4 GB/1 TB HDD/Windows 10 Home) X505ZA-EJ563T Laptop,"32,550","40,990",20% off,NaN
MSI P Core i5 10th Gen - (8 GB/512 GB SSD/Windows 10 Home/2 GB Graphics) Prestige 14 A10RB-032IN Thin ...,"79,990","89,990",11% off,4.3
HP 15q APU Dual Core A6 - (4 GB/1 TB HDD/Windows 10 Home) 15q-dy0006AU Laptop,"22,990","25,152",8% off,4.1
HP Pavilion 15 Core i5 8th Gen - (8 GB/1 TB HDD/Windows 10 Home/4 GB Graphics/NVIDIA Geforce GTX 1050)...,"59,990","75,687",20% off,4.3
Lenovo Ideapad S145 Core i3 8th Gen - (8 GB/1 TB HDD/Windows 10 Home/2 GB Graphics/NVIDIA Geforce NVID...,"51,990","52,390",Nan,NaN
Dell G3 15 3000 Series Core i5 8th Gen - (8 GB + 16 GB Optane/1 TB HDD/Windows 10 Home/4 GB Graphics/N...,"66,590","78,490",15% off,4.4
Dell Vostro 3000 Core i5 8th Gen - (4 GB/1 TB HDD/Linux) 3580 Laptop,"44,990","47,790",5% off,NaN
Lenovo Ideapad S145 Core i3 7th Gen - (4 GB/1 TB HDD/Windows 10 Home) S145-15IKB Thin and Light Laptop,"30,500","41,390",26% off,3.8
HP 15s Ryzen 3 Dual Core - (4 GB/256 GB SSD/Windows 10 Home) 15s-eq0007AU Thin and Light Laptop,"30,990","32,598",4% off,4.5
Apple MacBook Air Core i5 8th Gen - (8 GB/128 GB SSD/Mac OS Mojave) MREE2HN/A,"1,06,990","1,14,900",6% off,4.7
Apple MacBook Air Core i5 5th Gen - (8 GB/128 GB SSD/Mac OS Sierra) A1466,"75,990","82,170",7% off,4.6
Apple MacBook Air Core i5 8th Gen - (8 GB/128 GB SSD/Mac OS Mojave) MREA2HN/A,"1,06,990","1,14,990",6% off,4.7
HP 14q Core i3 7th Gen - (4 GB/1 TB HDD/DOS) 14q-cs0009TU Thin and Light Laptop,"26,990","32,850",17% off,4.2
Microsoft Surface Pro 6 Core i7 8th Gen - (8 GB/256 GB SSD/Windows 10 Home) 1796 2 in 1 Laptop,"1,10,500","1,41,999",22% off,NaN
Dell Inspiron 3000 Core i5 10th Gen - (4 GB/1 TB HDD/256 GB SSD/Windows 10 Home) 3593 Laptop,"61,844",NaN,Nan,5
HP Pavilion x360 Core i3 8th Gen - (4 GB/256 GB SSD/Windows 10 Home) 14-dh0101TU 2 in 1 Laptop,"50,490","53,763",6% off,4.4
HP Pavilion x360 Core i7 8th Gen - (12 GB/512 GB SSD/Windows 10 Home/4 GB Graphics) 14-cd0056TX 2 in 1...,"1,09,990","1,18,948",7% off,4.7
Dell Inspiron 3000 Ryzen 5 Quad Core - (4 GB/1 TB HDD/Windows 10 Home) 3585 Laptop,"37,972",NaN,Nan,4
HP Pavilion 15-EC Ryzen 5 Quad Core - (8 GB/1 TB HDD/128 GB SSD/Windows 10 Home/3 GB Graphics/NVIDIA G...,"51,990","58,240",10% off,4.5
HP Pavilion x360 Core i3 8th Gen - (4 GB/1 TB HDD/256 GB SSD/Windows 10 Home/2 GB Graphics) 14-dh0044T...,"55,990","69,995",20% off,4.7
MSI GL Core i7 7th Gen - (8 GB/1 TB HDD/Windows 10 Home/4 GB Graphics/NVIDIA Geforce GTX 1050) GL62 7R...,"79,990","94,990",15% off,3.5
HP DI Core i5 10th Gen - (8 GB/1 TB HDD/64 GB EMMC Storage/Windows 10 Home/2 GB Graphics) DI2001TX Lap...,"67,000","67,922",1% off,NaN
Lenovo Ideapad S145 Ryzen 3 Dual Core - (4 GB/1 TB HDD/Windows 10 Home) S145-15API Thin and Light Lapt...,"27,990","31,232",10% off,4
Acer Swift 3 Core i5 8th Gen - (8 GB + 16 GB Optane/1 TB HDD/Windows 10 Home/2 GB Graphics) SF315-52G-...,"57,999","79,990",27% off,4.4
Lenovo Thinpad E480 Core i3 7th Gen - (4 GB/500 GB HDD/Windows 10 Pro/512 MB Graphics) ThinkPad E480 L...,"55,999","57,805",3% off,NaN
Lenovo Ideapad 520 Core i5 8th Gen - (8 GB/2 TB HDD/Windows 10 Home/2 GB Graphics) 520-15IKB Laptop,"75,000","79,000",5% off,4.3
Acer Aspire 3 APU Dual Core A4 - (4 GB/1 TB HDD/Windows 10 Home) A315-21 Laptop,"24,999","30,000",16% off,4
Dell Inspiron 5000 Core i5 7th Gen - (8 GB/1 TB HDD/Windows 10 Home) 5578 2 in 1 Laptop,"76,990","79,000",2% off,4.2
HP 15s Ryzen 3 Dual Core - (4 GB/256 GB SSD/Windows 10 Home) 15s-eq0007AU Thin and Light Laptop,"30,990","32,598",4% off,4.5
Dell Vostro 15 3000 Core i3 6th Gen - (4 GB/1 TB HDD/Windows 10 Home) 3568 Laptop,"30,990","39,990",22% off,4
Dell Inspiron 15 3000 Core i3 7th Gen - (4 GB/1 TB HDD/Windows 10 Home) 3567 Laptop,"41,209","41,210",Nan,3.8
Asus VIVOBOOK APU Dual Core E2 - (4 GB/256 GB SSD/Windows 10 Home) E402YA-GA256T Thin and Light Laptop,"19,990","30,990",35% off,3.9
HP 14q Core i3 7th Gen - (4 GB/1 TB HDD/DOS) 14q-cs0009TU Thin and Light Laptop,"26,990","32,850",17% off,4.2
HP Pavilion Core i3 7th Gen - (8 GB/1 TB HDD/Windows 10 Home/2 GB Graphics) da0435tx Laptop,"44,990","51,324",12% off,4.3
HP Pavilion x360 Core i5 8th Gen - (8 GB + 16 GB Optane/1 TB HDD/Windows 10 Home/2 GB Graphics) 14-cd0...,"78,990","85,485",7% off,4.3
HP Pavilion Core i7 9th Gen - (8 GB/1 TB HDD/256 GB SSD/Windows 10 Home/4 GB Graphics/NVIDIA Geforce G...,"96,990","1,03,558",6% off,4.9
Dell Inspiron 15 5000 Core i3 6th Gen - (4 GB/1 TB HDD/Windows 10 Home) 5567 Laptop,"36,990","37,000",Nan,3.9
HP G7 Ryzen 3 Dual Core - (4 GB/1 TB HDD/DOS) 245 G7 Laptop,"22,490","26,919",16% off,3.9
HP Pavilion 15-EC Ryzen 5 Quad Core - (8 GB/1 TB HDD/128 GB SSD/Windows 10 Home/3 GB Graphics/NVIDIA G...,"51,990","58,240",10% off,4.5
Dell Inspiron 15 5000 Core i5 8th Gen - (8 GB/2 TB HDD/Windows 10 Home/4 GB Graphics) 5570 Laptop,"76,990","78,000",1% off,4.4
Dell Inspiron 15 5000 Core i5 8th Gen - (8 GB/2 TB HDD/Windows 10 Home/2 GB Graphics) 5570 Laptop,"63,985","70,000",8% off,4.2
HP Pavilion x360 Core i7 10th Gen - (16 GB/512 GB SSD/Windows 10 Home/2 GB Graphics) 14-dh1026TX 2 in ...,"1,09,900","1,15,094",4% off,NaN
Lenovo Ideapad S145 Ryzen 3 Dual Core - (4 GB/1 TB HDD/Windows 10 Home) S145-15API Thin and Light Lapt...,"27,990","31,232",10% off,4
HP 14q Core i3 7th Gen - (4 GB/1 TB HDD/Windows 10 Home) 14q-cs0014TU Laptop,"36,641",NaN,Nan,3.9
HP Pavilion 15 Core i5 8th Gen - (8 GB/1 TB HDD/128 GB SSD/Windows 10 Home/4 GB Graphics/NVIDIA Geforc...,"65,990","83,124",20% off,4.3
HP Omen Core i7 8th Gen - (16 GB/1 TB HDD/256 GB SSD/Windows 10 Home/8 GB Graphics/NVIDIA Geforce RTX ...,"1,79,990","1,84,359",2% off,4
HP Pavilion Core i5 8th Gen - (8 GB/1 TB HDD/Windows 10 Home/4 GB Graphics/NVIDIA Geforce GTX 1050) 15...,"64,990","83,242",21% off,NaN
Asus Ryzen 5 Quad Core - (8 GB/1 TB HDD/Windows 10 Home/4 GB Graphics/NVIDIA Geforce GTX 1050) F570ZD-...,"50,000","64,990",23% off,4.2
HP 15q APU Dual Core A6 - (4 GB/1 TB HDD/Windows 10 Home) 15q-dy0006AU Laptop,"22,990","25,152",8% off,4.1
Dell Inspiron 13 7000 Core i5 8th Gen - (8 GB/256 GB SSD/Windows 10 Home) 7373 2 in 1 Laptop,"79,990","87,000",8% off,NaN
HP Pavilion Core i5 7th Gen - (4 GB/1 TB HDD/Windows 10 Home/4 GB Graphics) 15-AU624TX Laptop,"50,990","63,559",19% off,4.1
HP Pavilion x360 Core i5 10th Gen - (8 GB/1 TB HDD/256 GB SSD/Windows 10 Home/2 GB Graphics) 14-dh1025...,"84,799","94,056",9% off,NaN
HP 15s Ryzen 3 Dual Core - (4 GB/256 GB SSD/Windows 10 Home) 15s-eq0007AU Thin and Light Laptop,"30,990","32,598",4% off,4.5
HP 15 Core i5 8th Gen - (8 GB/1 TB HDD/DOS/2 GB Graphics) 15-da0077tx Laptop,"49,929","57,899",13% off,4.3
Lenovo Ideapad C340 Ryzen 3 Dual Core - (4 GB/256 GB SSD/Windows 10 Home) C340-14API 2 in 1 Laptop,"42,608","58,690",27% off,NaN
Dell Core i3 6th Gen - (4 GB/1 TB HDD/Windows 10 Home) 5559 Laptop,"45,490","46,000",1% off,4
HP Spectre X360 Core i7 8th Gen - (16 GB/512 GB SSD/Windows 10 Home) 13-AP0033DX 2 in 1 Laptop,"1,45,990","1,98,990",26% off,NaN
Lenovo Ideapad C340 Ryzen 5 Quad Core - (8 GB/1 TB SSD/Windows 10 Home) C340-14API 2 in 1 Laptop,"66,000","70,000",5% off,NaN
HP 14q Core i3 7th Gen - (4 GB/1 TB HDD/DOS) 14q-cs0009TU Thin and Light Laptop,"26,990","32,850",17% off,4.2
HP 200 APU Dual Core A6 7th Gen - (4 GB/1 TB HDD/DOS) 245 G7 Notebook Laptop,"20,499","22,489",8% off,3.7
Lenovo Ideapad S145 APU Dual Core A9 - (4 GB/1 TB HDD/Windows 10 Home) S145-15AST Laptop,"21,990","29,890",26% off,NaN
Asus VIVOBOOK Core i3 7th Gen - (4 GB/1 TB HDD/DOS) X441UA-GA508 Laptop,"24,300","32,990",26% off,3.9
HP Pavilion 15-EC Ryzen 5 Quad Core - (8 GB/1 TB HDD/128 GB SSD/Windows 10 Home/3 GB Graphics/NVIDIA G...,"51,990","58,240",10% off,4.5
HP Pavilion 15 Core i5 8th Gen - (8 GB/1 TB HDD/8 GB SSD/Windows 10 Home/2 GB Graphics) 15-CC129TX Lap...,"65,390","65,463",Nan,4.4
Dell Inspiron Core i5 7th Gen - (8 GB/1 TB HDD/Windows 10 Home/2 GB Graphics) 5567 Laptop,"64,990","65,000",Nan,4.1
HP Pavilion x360 Core i5 8th Gen - (8 GB/1 TB HDD/128 GB SSD/Windows 10 Home) 14-cd0087TU 2 in 1 Lapto...,"74,990","83,785",10% off,4.5
Lenovo Ideapad 330 Core i5 8th Gen - (4 GB + 16 GB Optane/1 TB HDD/Windows 10 Home/4 GB Graphics) Idea...,"58,499","59,990",2% off,NaN
AGB Orion Core i7 7th Gen - (16 GB/1 TB HDD/1 TB SSD/Windows 10/2 GB Graphics/Intel Integrated HD620) ...,"79,299","1,02,000",22% off,NaN
Lenovo Ideapad S145 Ryzen 3 Dual Core - (4 GB/1 TB HDD/Windows 10 Home) S145-15API Thin and Light Lapt...,"27,990","31,232",10% off,4
HP Spectre x360 Core i5 8th Gen - (8 GB/256 GB SSD/Windows 10 Home) 13-ap0100TU 2 in 1 Laptop,"1,04,990","1,35,124",22% off,NaN
Dell Inspiron 5000 Core i5 10th Gen - (8 GB/512 GB SSD/Windows 10 Home) 5491 Laptop,"71,990","79,334",9% off,NaN
Dell Inspiron 5000 Core i7 6th Gen - (16 GB/2 TB HDD/Windows 10 Home/4 GB Graphics) 5559 Laptop,"91,400","92,000",Nan,3.7
HP 15q APU Dual Core A6 - (4 GB/1 TB HDD/Windows 10 Home) 15q-dy0006AU Laptop,"22,990","25,152",8% off,4.1
Lenovo Yoga S940 Core i7 8th Gen - (16 GB/1 TB SSD/Windows 10 Home) S940-14IWL Thin and Light Laptop,"1,99,999",NaN,Nan,NaN
Dell Inspiron 5000 Core i5 6th Gen - (8 GB/1 TB HDD/Windows 10 Home/4 GB Graphics) 5559 Laptop,"67,990","69,000",1% off,3.8
HP 240 G7 Core i3 7th Gen - (4 GB/256 GB SSD/DOS) 240 G7 Laptop,"29,449","30,363",3% off,4.3
Lenovo V145 APU Dual Core A6 7th Gen - (4 GB/1 TB HDD/DOS) V145-15AST U Thin and Light Laptop,"20,799","27,000",22% off,3.8
Dell Core i5 6th Gen - (4 GB/1 TB HDD/Windows 10 Home/2 GB Graphics) 5559 Laptop,"63,990","69,000",7% off,NaN
HP 15s Ryzen 3 Dual Core - (4 GB/256 GB SSD/Windows 10 Home) 15s-eq0007AU Thin and Light Laptop,"30,990","32,598",4% off,4.5
Dell Inspiron 5000 Core i5 7th Gen - (8 GB/2 TB HDD/Windows 10 Home/4 GB Graphics) 5567 Laptop,"84,000","85,000",1% off,4
Dell Inspiron Core i5 7th Gen - (8 GB/1 TB HDD/Windows 10 Home/2 GB Graphics) 5567 Laptop,"70,990","72,000",1% off,4.1
HP 14 Core i5 8th Gen - (8 GB/256 GB SSD/Windows 10 Home) 14-ce1000TU Laptop,"55,900","70,990",21% off,3
HP 14q Core i3 7th Gen - (4 GB/1 TB HDD/DOS) 14q-cs0009TU Thin and Light Laptop,"26,990","32,850",17% off,4.2
Dell Inspiron 15 7000 Core i7 8th Gen - (8 GB/1 TB HDD/256 GB SSD/Windows 10 Home/4 GB Graphics) 7570 ...,"1,09,000","1,10,000",Nan,4.6
Dell 3000 Core i5 7th Gen - (8 GB/1 TB HDD/Windows 10/2 GB Graphics) 3567 Laptop,"65,990","68,000",2% off,3.6
Dell 5000 Core i5 6th Gen - (8 GB/1 TB HDD/Windows 10 Home) 5568 2 in 1 Laptop,"71,950","76,000",5% off,NaN
Dell 5000 Core i3 6th Gen - (4 GB/1 TB HDD/Windows 10 Home) 5368 2 in 1 Laptop,"60,990","63,000",3% off,3.9
HP ProBook Core i5 7th Gen - (4 GB/1 TB HDD/Windows 10 Pro) 440 Business Laptop,"71,060",NaN,Nan,NaN
HP Pavilion 15-EC Ryzen 5 Quad Core - (8 GB/1 TB HDD/128 GB SSD/Windows 10 Home/3 GB Graphics/NVIDIA G...,"51,990","58,240",10% off,4.5
HP G6 APU Dual Core A9 - (4 GB/1 TB HDD/DOS) 245-G6 Laptop,"19,599","25,069",21% off,3.7
Lenovo Ideapad 330S Core i5 8th Gen - (4 GB + 16 GB Optane/1 TB HDD/Windows 10 Home/512 MB Graphics) 8...,"58,000",NaN,Nan,NaN
Dell Inspiron 5000 Core i5 7th Gen - (8 GB/1 TB HDD/Windows 10 Home/4 GB Graphics) 5567 Laptop,"68,990","75,000",8% off,4
Lenovo Ideapad S145 Ryzen 3 Dual Core - (4 GB/1 TB HDD/Windows 10 Home) S145-15API Thin and Light Lapt...,"27,990","31,232",10% off,4
Dell Inspiron 5000 Core i5 10th Gen - (8 GB/512 GB SSD/Windows 10 Home/2 GB Graphics) 5491 Laptop,"81,990","89,527",8% off,NaN
Lenovo Core i7-8550U Core i7 7th Gen - (16 GB/500 GB HDD/500 GB SSD/Windows 10/16 GB Graphics) ThinkPa...,"2,25,000",NaN,Nan,NaN
HP Core i5 6th Gen - (4 GB/500 GB HDD/DOS) 240 G5 Laptop,"43,000","47,000",8% off,3.5
HP Core i5 7th Gen - (4 GB/1 TB HDD/Windows 10 Home) 250 G6 Laptop,"44,498","44,599",Nan,4.2
Asus VivoBook 15 Core i3 8th Gen - (4 GB/1 TB HDD/Windows 10 Home) X540UA-GQ2113T Laptop,"30,990","41,990",26% off,4.1
HP 15q APU Dual Core A6 - (4 GB/1 TB HDD/Windows 10 Home) 15q-dy0006AU Laptop,"22,990","25,152",8% off,4.1
Smartron t.book flex Core m3 7th Gen - (4 GB/128 GB SSD/Windows 10 Home) T1223 2 in 1 Laptop,"42,990","45,990",6% off,3.9
HP 15 Athlon Dual Core - (4 GB/1 TB HDD/Windows 10 Home) 15-db1066AU Laptop,"23,990","25,076",4% off,3.1
Lenovo Ideapad 130 APU Dual Core A9 - (4 GB/1 TB HDD/Windows 10 Home/2 GB Graphics) 130-15AST Laptop,"37,690",NaN,Nan,3.8
HP 15s Ryzen 3 Dual Core - (4 GB/256 GB SSD/Windows 10 Home) 15s-eq0007AU Thin and Light Laptop,"30,990","32,598",4% off,4.5
Acer Predator Triton 700 Core i7 7th Gen - (16 GB/1 TB SSD/Windows 10 Home/6 GB Graphics/NVIDIA Geforc...,"99,990","1,89,999",47% off,3
Lenovo Ideapad 330 Core i5 8th Gen - (4 GB + 16 GB Optane/1 TB HDD/Windows 10 Home/4 GB Graphics) 330-...,"49,990","53,440",6% off,3.9
Avita Magus Celeron Dual Core - (4 GB/64 GB EMMC Storage/Windows 10 Home) NS12T5IN003P 2 in 1 Laptop,"20,490","21,490",4% off,3.5
HP 15q Core i5 7th Gen - (4 GB/1 TB HDD/Windows 10 Home) 15q-ds0028TU Laptop,"48,571",NaN,Nan,4.1
Asus ROG Strix Edition Core i7 8th Gen - (16 GB/1 TB HDD/256 GB SSD/Windows 10 Home/4 GB Graphics/NVID...,"90,990","1,37,990",34% off,4.5
HP 14q Core i3 7th Gen - (4 GB/1 TB HDD/DOS) 14q-cs0009TU Thin and Light Laptop,"26,990","32,850",17% off,4.2
Lenovo ideapad APU Quad Core A4 - (4 GB/1 TB HDD/Windows 10 Home) 130 Laptop,"21,000","22,790",7% off,2.9
HP G6 Core i3 7th Gen - (4 GB/1 TB HDD/DOS) 250-G6 Laptop,"31,899","32,799",2% off,NaN
Asus Vivobook Core i7 8th Gen - (8 GB/1 TB HDD/Windows 10 Home/2 GB Graphics) X510UN-EJ329T Laptop,"62,000","69,500",10% off,3.6
HP Pavilion 15-EC Ryzen 5 Quad Core - (8 GB/1 TB HDD/128 GB SSD/Windows 10 Home/3 GB Graphics/NVIDIA G...,"51,990","58,240",10% off,4.5
HP 14q Core i3 7th Gen - (8 GB/256 GB SSD/Windows 10 Home) 14q-cs0023TU Thin and Light Laptop,"34,990","39,168",10% off,4.3
HP Pavilion Ryzen 7 Quad Core - (8 GB/1 TB HDD/256 GB SSD/Windows 10 Home/6 GB Graphics/NVIDIA Geforce...,"84,990","97,393",12% off,NaN
Lenovo Ideapad 520 Core i5 8th Gen - (8 GB/2 TB HDD/Windows 10 Home/4 GB Graphics) 520-15IKB Laptop,"79,090",NaN,Nan,NaN
Acer Swift 3 Core i5 8th Gen - (8 GB/1 TB HDD/Windows 10 Home) SF315-51 Laptop,"47,990","69,999",31% off,3.4
Lenovo Ideapad 120s Pentium Quad Core - (4 GB/128 GB SSD/Windows 10 Home) 120S-14IAP Thin and Light La...,"28,990","34,490",15% off,NaN
Lenovo Ideapad S145 Ryzen 3 Dual Core - (4 GB/1 TB HDD/Windows 10 Home) S145-15API Thin and Light Lapt...,"27,990","31,232",10% off,4
Avita Liber Core i5 7th Gen - (8 GB/256 GB SSD/Windows 10 Home) NS14A1IN007P Thin and Light Laptop,"39,990","75,990",47% off,4.3
Acer Swift 3 Core i5 8th Gen - (8 GB/1 TB HDD/Windows 10 Home) SF315-51-50b5 Laptop,"50,999",NaN,Nan,NaN
Dell Inspiron 15 3000 Core i3 7th Gen - (4 GB/1 TB HDD/Windows 10/2 GB Graphics) 15 3576 Laptop,"36,990","44,990",17% off,3.9
HP 15q APU Dual Core A6 - (4 GB/1 TB HDD/Windows 10 Home) 15q-dy0006AU Laptop,"22,990","25,152",8% off,4.1
